cui,type,name
C0006540,rnlw,Bylaws
C0009807,rnlw,Constitutions
C0018719,rnlw,Health Legislation
C0018735,rnlw,Health Policy
C0018898,rnlw,Helsinki Declaration
C0019565,rnlw,Hippocratic Oath
C0021430,rnlw,Informed Consent
C0023150,rnlw,Rules of conduct
C0023252,rnlw,Statutes and Laws
C0023258,rnlw,"Legislation, Medical"
C0023262,rnlw,Legitimacy
C0023636,rnlw,License
C0025071,rnlw,Medicaid
C0026335,rnlw,Model Legislation
C0029032,rnlw,One-Child Policy
C0036547,rnlw,Security Measures
C0220905,rnlw,regulatory
C0237416,rnlw,corporal punishment
C0243121,rnlw,statutes
C0600593,rnlw,Health Insurance Portability and Accountability Act
C0680513,rnlw,legal issues
C0680574,rnlw,common law
C0680582,rnlw,control system
C0683603,rnlw,deportation
C0687755,rnlw,statute
C0728724,rnlw,Legal system
C0752076,rnlw,Threshold Limit Values
C1547547,rnlw,Schedule II Substance
C2698744,rnlw,Patent Information
C3542017,rnlw,Preexisting Condition Coverage
C3826008,rnlw,Medical policy
C3858694,rnlw,Common Rule
C4042791,rnlw,International Law
